Variable,Use
hist12_kol_max_max,Y
hist12_kol_max_mean,Y
hist12_kol_max_min,Y
hist12_kol_max_std,Y
hist12_kol_max_sum,Y
hist24_kol_max_max,Y
hist24_kol_max_mean,Y
hist24_kol_max_min,Y
hist24_kol_max_std,Y
hist24_kol_max_sum,Y
hist6_kol_max_max,Y
hist6_kol_max_mean,Y
hist6_kol_max_min,Y
hist6_kol_max_std,Y
hist6_kol_max_sum,Y
max_total_overdue,Y
hist12_kol_mean_max,Y
hist12_kol_mean_mean,Y
hist12_kol_mean_min,Y
hist12_kol_mean_std,Y
hist12_kol_mean_sum,Y
hist24_kol_mean_max,Y
hist24_kol_mean_mean,Y
hist24_kol_mean_min,Y
hist24_kol_mean_std,Y
hist24_kol_mean_sum,Y
hist6_kol_mean_max,Y
hist6_kol_mean_mean,Y
hist6_kol_mean_min,Y
hist6_kol_mean_std,Y
hist6_kol_mean_sum,Y
sum_total_overdue,Y
max_bakiDebet,Y
max_plafon,Y
max_plafonAwal,Y
max_ratio_dpd_os,Y
max_ratio_os_plafon,Y
max_ratio_overdue_os,Y
max_ratio_overdue_plafon,Y
max_ratio_unused_plafon,Y
max_utilization,Y
mean_ratio_dpd_os,Y
mean_ratio_os_plafon,Y
mean_ratio_overdue_os,Y
mean_ratio_overdue_plafon,Y
mean_ratio_unused_plafon,Y
min_ratio_dpd_os,Y
min_ratio_os_plafon,Y
min_ratio_overdue_os,Y
min_ratio_overdue_plafon,Y
min_ratio_unused_plafon,Y
std_ratio_dpd_os,Y
std_ratio_os_plafon,Y
std_ratio_overdue_os,Y
std_ratio_overdue_plafon,Y
std_ratio_unused_plafon,Y
sum_bakiDebet,Y
sum_plafon,Y
sum_plafonAwal,Y
facility_count,Y
max_jumlahHariTunggakan,Y
nunique_jenisKredit,Y
nunique_jenisPenggunaan,Y
nunique_ljk,Y
nunique_sektorEkonomi,Y
hist12_ht_max_max,Y
hist12_ht_max_mean,Y
hist12_ht_max_min,Y
hist12_ht_max_std,Y
hist12_ht_max_sum,Y
hist24_ht_max_max,Y
hist24_ht_max_mean,Y
hist24_ht_max_min,Y
hist24_ht_max_std,Y
hist24_ht_max_sum,Y
hist6_ht_max_max,Y
hist6_ht_max_mean,Y
hist6_ht_max_min,Y
hist6_ht_max_std,Y
hist6_ht_max_sum,Y
hist12_ht_mean_max,Y
hist12_ht_mean_mean,Y
hist12_ht_mean_min,Y
hist12_ht_mean_std,Y
hist12_ht_mean_sum,Y
hist24_ht_mean_max,Y
hist24_ht_mean_mean,Y
hist24_ht_mean_min,Y
hist24_ht_mean_std,Y
hist24_ht_mean_sum,Y
hist6_ht_mean_max,Y
hist6_ht_mean_mean,Y
hist6_ht_mean_min,Y
hist6_ht_mean_std,Y
hist6_ht_mean_sum,Y
max_interest_rate,Y
flag_dpd30,Y
flag_dpd30_count,Y
flag_dpd60,Y
flag_dpd60_count,Y
flag_dpd90,Y
flag_dpd90_count,Y
flag_kol2,Y
flag_kol2_count,Y
flag_kol3,Y
flag_kol3_count,Y
flag_kol4,Y
flag_kol4_count,Y
flag_kol5,Y
flag_kol5_count,Y
flag_overlimit,Y
flag_overlimit_count,Y
flag_restruktur,Y
flag_restruktur_count,Y
hist12_dpd120_streak_max,Y
hist12_dpd120_streak_mean,Y
hist12_dpd120_streak_min,Y
hist12_dpd120_streak_std,Y
hist12_dpd120_streak_sum,Y
hist12_dpd180_streak_max,Y
hist12_dpd180_streak_mean,Y
hist12_dpd180_streak_min,Y
hist12_dpd180_streak_std,Y
hist12_dpd180_streak_sum,Y
hist12_dpd30_count_max,Y
hist12_dpd30_count_mean,Y
hist12_dpd30_count_min,Y
hist12_dpd30_count_std,Y
hist12_dpd30_count_sum,Y
hist12_dpd30_streak_max,Y
hist12_dpd30_streak_mean,Y
hist12_dpd30_streak_min,Y
hist12_dpd30_streak_std,Y
hist12_dpd30_streak_sum,Y
hist12_dpd60_streak_max,Y
hist12_dpd60_streak_mean,Y
hist12_dpd60_streak_min,Y
hist12_dpd60_streak_std,Y
hist12_dpd60_streak_sum,Y
hist12_dpd90_count_max,Y
hist12_dpd90_count_mean,Y
hist12_dpd90_count_min,Y
hist12_dpd90_count_std,Y
hist12_dpd90_count_sum,Y
hist12_dpd90_streak_max,Y
hist12_dpd90_streak_mean,Y
hist12_dpd90_streak_min,Y
hist12_dpd90_streak_std,Y
hist12_dpd90_streak_sum,Y
hist12_dpd_streak_max,Y
hist12_dpd_streak_mean,Y
hist12_dpd_streak_min,Y
hist12_dpd_streak_std,Y
hist12_dpd_streak_sum,Y
hist12_kol5_count_max,Y
hist12_kol5_count_mean,Y
hist12_kol5_count_min,Y
hist12_kol5_count_std,Y
hist12_kol5_count_sum,Y
hist12_kol5_streak_max,Y
hist12_kol5_streak_mean,Y
hist12_kol5_streak_min,Y
hist12_kol5_streak_std,Y
hist12_kol5_streak_sum,Y
hist12_kol_ge2_count_max,Y
hist12_kol_ge2_count_mean,Y
hist12_kol_ge2_count_min,Y
hist12_kol_ge2_count_std,Y
hist12_kol_ge2_count_sum,Y
hist12_kol_ge2_streak_max,Y
hist12_kol_ge2_streak_mean,Y
hist12_kol_ge2_streak_min,Y
hist12_kol_ge2_streak_std,Y
hist12_kol_ge2_streak_sum,Y
hist12_kol_ge3_count_max,Y
hist12_kol_ge3_count_mean,Y
hist12_kol_ge3_count_min,Y
hist12_kol_ge3_count_std,Y
hist12_kol_ge3_count_sum,Y
hist12_kol_ge3_streak_max,Y
hist12_kol_ge3_streak_mean,Y
hist12_kol_ge3_streak_min,Y
hist12_kol_ge3_streak_std,Y
hist12_kol_ge3_streak_sum,Y
hist12_kol_ge4_streak_max,Y
hist12_kol_ge4_streak_mean,Y
hist12_kol_ge4_streak_min,Y
hist12_kol_ge4_streak_std,Y
hist12_kol_ge4_streak_sum,Y
hist24_dpd120_streak_max,Y
hist24_dpd120_streak_mean,Y
hist24_dpd120_streak_min,Y
hist24_dpd120_streak_std,Y
hist24_dpd120_streak_sum,Y
hist24_dpd180_streak_max,Y
hist24_dpd180_streak_mean,Y
hist24_dpd180_streak_min,Y
hist24_dpd180_streak_std,Y
hist24_dpd180_streak_sum,Y
hist24_dpd30_count_max,Y
hist24_dpd30_count_mean,Y
hist24_dpd30_count_min,Y
hist24_dpd30_count_std,Y
hist24_dpd30_count_sum,Y
hist24_dpd30_streak_max,Y
hist24_dpd30_streak_mean,Y
hist24_dpd30_streak_min,Y
hist24_dpd30_streak_std,Y
hist24_dpd30_streak_sum,Y
hist24_dpd60_streak_max,Y
hist24_dpd60_streak_mean,Y
hist24_dpd60_streak_min,Y
hist24_dpd60_streak_std,Y
hist24_dpd60_streak_sum,Y
hist24_dpd90_count_max,Y
hist24_dpd90_count_mean,Y
hist24_dpd90_count_min,Y
hist24_dpd90_count_std,Y
hist24_dpd90_count_sum,Y
hist24_dpd90_streak_max,Y
hist24_dpd90_streak_mean,Y
hist24_dpd90_streak_min,Y
hist24_dpd90_streak_std,Y
hist24_dpd90_streak_sum,Y
hist24_dpd_streak_max,Y
hist24_dpd_streak_mean,Y
hist24_dpd_streak_min,Y
hist24_dpd_streak_std,Y
hist24_dpd_streak_sum,Y
hist24_kol5_count_max,Y
hist24_kol5_count_mean,Y
hist24_kol5_count_min,Y
hist24_kol5_count_std,Y
hist24_kol5_count_sum,Y
hist24_kol5_streak_max,Y
hist24_kol5_streak_mean,Y
hist24_kol5_streak_min,Y
hist24_kol5_streak_std,Y
hist24_kol5_streak_sum,Y
hist24_kol_ge2_count_max,Y
hist24_kol_ge2_count_mean,Y
hist24_kol_ge2_count_min,Y
hist24_kol_ge2_count_std,Y
hist24_kol_ge2_count_sum,Y
hist24_kol_ge2_streak_max,Y
hist24_kol_ge2_streak_mean,Y
hist24_kol_ge2_streak_min,Y
hist24_kol_ge2_streak_std,Y
hist24_kol_ge2_streak_sum,Y
hist24_kol_ge3_count_max,Y
hist24_kol_ge3_count_mean,Y
hist24_kol_ge3_count_min,Y
hist24_kol_ge3_count_std,Y
hist24_kol_ge3_count_sum,Y
hist24_kol_ge3_streak_max,Y
hist24_kol_ge3_streak_mean,Y
hist24_kol_ge3_streak_min,Y
hist24_kol_ge3_streak_std,Y
hist24_kol_ge3_streak_sum,Y
hist24_kol_ge4_streak_max,Y
hist24_kol_ge4_streak_mean,Y
hist24_kol_ge4_streak_min,Y
hist24_kol_ge4_streak_std,Y
hist24_kol_ge4_streak_sum,Y
hist3_dpd120_streak_max,Y
hist3_dpd120_streak_mean,Y
hist3_dpd120_streak_min,Y
hist3_dpd120_streak_std,Y
hist3_dpd120_streak_sum,Y
hist3_dpd180_streak_max,Y
hist3_dpd180_streak_mean,Y
hist3_dpd180_streak_min,Y
hist3_dpd180_streak_std,Y
hist3_dpd180_streak_sum,Y
hist3_dpd30_streak_max,Y
hist3_dpd30_streak_mean,Y
hist3_dpd30_streak_min,Y
hist3_dpd30_streak_std,Y
hist3_dpd30_streak_sum,Y
hist3_dpd60_streak_max,Y
hist3_dpd60_streak_mean,Y
hist3_dpd60_streak_min,Y
hist3_dpd60_streak_std,Y
hist3_dpd60_streak_sum,Y
hist3_dpd90_streak_max,Y
hist3_dpd90_streak_mean,Y
hist3_dpd90_streak_min,Y
hist3_dpd90_streak_std,Y
hist3_dpd90_streak_sum,Y
hist3_dpd_streak_max,Y
hist3_dpd_streak_mean,Y
hist3_dpd_streak_min,Y
hist3_dpd_streak_std,Y
hist3_dpd_streak_sum,Y
hist3_kol5_streak_max,Y
hist3_kol5_streak_mean,Y
hist3_kol5_streak_min,Y
hist3_kol5_streak_std,Y
hist3_kol5_streak_sum,Y
hist3_kol_ge2_streak_max,Y
hist3_kol_ge2_streak_mean,Y
hist3_kol_ge2_streak_min,Y
hist3_kol_ge2_streak_std,Y
hist3_kol_ge2_streak_sum,Y
hist3_kol_ge3_streak_max,Y
hist3_kol_ge3_streak_mean,Y
hist3_kol_ge3_streak_min,Y
hist3_kol_ge3_streak_std,Y
hist3_kol_ge3_streak_sum,Y
hist3_kol_ge4_streak_max,Y
hist3_kol_ge4_streak_mean,Y
hist3_kol_ge4_streak_min,Y
hist3_kol_ge4_streak_std,Y
hist3_kol_ge4_streak_sum,Y
hist6_dpd120_streak_max,Y
hist6_dpd120_streak_mean,Y
hist6_dpd120_streak_min,Y
hist6_dpd120_streak_std,Y
hist6_dpd120_streak_sum,Y
hist6_dpd180_streak_max,Y
hist6_dpd180_streak_mean,Y
hist6_dpd180_streak_min,Y
hist6_dpd180_streak_std,Y
hist6_dpd180_streak_sum,Y
hist6_dpd30_count_max,Y
hist6_dpd30_count_mean,Y
hist6_dpd30_count_min,Y
hist6_dpd30_count_std,Y
hist6_dpd30_count_sum,Y
hist6_dpd30_streak_max,Y
hist6_dpd30_streak_mean,Y
hist6_dpd30_streak_min,Y
hist6_dpd30_streak_std,Y
hist6_dpd30_streak_sum,Y
hist6_dpd60_streak_max,Y
hist6_dpd60_streak_mean,Y
hist6_dpd60_streak_min,Y
hist6_dpd60_streak_std,Y
hist6_dpd60_streak_sum,Y
hist6_dpd90_count_max,Y
hist6_dpd90_count_mean,Y
hist6_dpd90_count_min,Y
hist6_dpd90_count_std,Y
hist6_dpd90_count_sum,Y
hist6_dpd90_streak_max,Y
hist6_dpd90_streak_mean,Y
hist6_dpd90_streak_min,Y
hist6_dpd90_streak_std,Y
hist6_dpd90_streak_sum,Y
hist6_dpd_streak_max,Y
hist6_dpd_streak_mean,Y
hist6_dpd_streak_min,Y
hist6_dpd_streak_std,Y
hist6_dpd_streak_sum,Y
hist6_kol5_count_max,Y
hist6_kol5_count_mean,Y
hist6_kol5_count_min,Y
hist6_kol5_count_std,Y
hist6_kol5_count_sum,Y
hist6_kol5_streak_max,Y
hist6_kol5_streak_mean,Y
hist6_kol5_streak_min,Y
hist6_kol5_streak_std,Y
hist6_kol5_streak_sum,Y
hist6_kol_ge2_count_max,Y
hist6_kol_ge2_count_mean,Y
hist6_kol_ge2_count_min,Y
hist6_kol_ge2_count_std,Y
hist6_kol_ge2_count_sum,Y
hist6_kol_ge2_streak_max,Y
hist6_kol_ge2_streak_mean,Y
hist6_kol_ge2_streak_min,Y
hist6_kol_ge2_streak_std,Y
hist6_kol_ge2_streak_sum,Y
hist6_kol_ge3_count_max,Y
hist6_kol_ge3_count_mean,Y
hist6_kol_ge3_count_min,Y
hist6_kol_ge3_count_std,Y
hist6_kol_ge3_count_sum,Y
hist6_kol_ge3_streak_max,Y
hist6_kol_ge3_streak_mean,Y
hist6_kol_ge3_streak_min,Y
hist6_kol_ge3_streak_std,Y
hist6_kol_ge3_streak_sum,Y
hist6_kol_ge4_streak_max,Y
hist6_kol_ge4_streak_mean,Y
hist6_kol_ge4_streak_min,Y
hist6_kol_ge4_streak_std,Y
hist6_kol_ge4_streak_sum,Y
hist12_transition_improve_max,Y
hist12_transition_improve_mean,Y
hist12_transition_improve_min,Y
hist12_transition_improve_std,Y
hist12_transition_improve_sum,Y
hist12_transition_stable_max,Y
hist12_transition_stable_mean,Y
hist12_transition_stable_min,Y
hist12_transition_stable_std,Y
hist12_transition_stable_sum,Y
hist12_transition_worsen_max,Y
hist12_transition_worsen_mean,Y
hist12_transition_worsen_min,Y
hist12_transition_worsen_std,Y
hist12_transition_worsen_sum,Y
hist24_transition_improve_max,Y
hist24_transition_improve_mean,Y
hist24_transition_improve_min,Y
hist24_transition_improve_std,Y
hist24_transition_improve_sum,Y
hist24_transition_stable_max,Y
hist24_transition_stable_mean,Y
hist24_transition_stable_min,Y
hist24_transition_stable_std,Y
hist24_transition_stable_sum,Y
hist24_transition_worsen_max,Y
hist24_transition_worsen_mean,Y
hist24_transition_worsen_min,Y
hist24_transition_worsen_std,Y
hist24_transition_worsen_sum,Y
hist3_transition_improve_max,Y
hist3_transition_improve_mean,Y
hist3_transition_improve_min,Y
hist3_transition_improve_std,Y
hist3_transition_improve_sum,Y
hist3_transition_stable_max,Y
hist3_transition_stable_mean,Y
hist3_transition_stable_min,Y
hist3_transition_stable_std,Y
hist3_transition_stable_sum,Y
hist3_transition_worsen_max,Y
hist3_transition_worsen_mean,Y
hist3_transition_worsen_min,Y
hist3_transition_worsen_std,Y
hist3_transition_worsen_sum,Y
hist6_transition_improve_max,Y
hist6_transition_improve_mean,Y
hist6_transition_improve_min,Y
hist6_transition_improve_std,Y
hist6_transition_improve_sum,Y
hist6_transition_stable_max,Y
hist6_transition_stable_mean,Y
hist6_transition_stable_min,Y
hist6_transition_stable_std,Y
hist6_transition_stable_sum,Y
hist6_transition_worsen_max,Y
hist6_transition_worsen_mean,Y
hist6_transition_worsen_min,Y
hist6_transition_worsen_std,Y
hist6_transition_worsen_sum,Y
median_ratio_dpd_os,Y
median_ratio_os_plafon,Y
median_ratio_overdue_os,Y
median_ratio_overdue_plafon,Y
median_ratio_unused_plafon,Y
